{"cameraMode":{"drawMode":0,"name":"Shaded","section":"Shading Mode"},"sceneLighting":false,"audioPlay":false,"sceneViewState":{"m_AlwaysRefresh":false,"showFog":true,"showSkybox":false,"showFlares":true,"showImageEffects":true,"showParticleSystems":true,"showVisualEffectGraphs":true,"m_FxEnabled":true},"in2DMode":false,"pivot":{"x":2.490000009536743,"y":2.0999999046325685,"z":-0.33000001311302187},"rotation":{"x":-0.003244516672566533,"y":0.9832217693328857,"z":-0.18167534470558167,"w":-0.01824917644262314},"size":1.0002249479293824,"orthographic":false}