{"cameraMode":{"drawMode":0,"name":"Shaded","section":"Shading Mode"},"sceneLighting":false,"audioPlay":false,"sceneViewState":{"m_AlwaysRefresh":false,"showFog":true,"showSkybox":false,"showFlares":true,"showImageEffects":true,"showParticleSystems":true,"showVisualEffectGraphs":true,"m_FxEnabled":true},"in2DMode":false,"pivot":{"x":1.7401000261306763,"y":1.2956000566482545,"z":1.1303000450134278},"rotation":{"x":0.8568481802940369,"y":-0.034571658819913867,"z":0.057943377643823627,"w":0.5111628770828247},"size":0.04330122843384743,"orthographic":false}