{"cameraMode":{"drawMode":0,"name":"Shaded","section":"Shading Mode"},"sceneLighting":false,"audioPlay":false,"sceneViewState":{"m_AlwaysRefresh":false,"showFog":true,"showSkybox":false,"showFlares":true,"showImageEffects":true,"showParticleSystems":true,"showVisualEffectGraphs":true,"m_FxEnabled":true},"in2DMode":false,"pivot":{"x":2.8269176483154299,"y":2.6038413047790529,"z":0.342678964138031},"rotation":{"x":-0.24669532477855683,"y":0.26204538345336916,"z":-0.06961358338594437,"w":-0.9304304718971252},"size":0.3144885003566742,"orthographic":false}