{"cameraMode":{"drawMode":0,"name":"Shaded","section":"Shading Mode"},"sceneLighting":false,"audioPlay":false,"sceneViewState":{"m_AlwaysRefresh":false,"showFog":true,"showSkybox":false,"showFlares":true,"showImageEffects":true,"showParticleSystems":true,"showVisualEffectGraphs":true,"m_FxEnabled":true},"in2DMode":false,"pivot":{"x":0.017727095633745195,"y":0.9383389949798584,"z":-1.3729453086853028},"rotation":{"x":0.010195148177444935,"y":0.9893929958343506,"z":-0.11599834263324738,"w":0.08693613857030869},"size":1.7052247524261475,"orthographic":false}