{"cameraMode":{"drawMode":0,"name":"Shaded","section":"Shading Mode"},"sceneLighting":false,"audioPlay":false,"sceneViewState":{"m_AlwaysRefresh":false,"showFog":true,"showSkybox":false,"showFlares":true,"showImageEffects":true,"showParticleSystems":true,"showVisualEffectGraphs":true,"m_FxEnabled":true},"in2DMode":false,"pivot":{"x":-0.19278675317764283,"y":0.1564568281173706,"z":0.09348241984844208},"rotation":{"x":-0.05086546018719673,"y":-0.06914209574460983,"z":0.003526102053001523,"w":-0.9963143467903137},"size":0.8051143884658814,"orthographic":false}