{"cameraMode":{"drawMode":0,"name":"Shaded","section":"Shading Mode"},"sceneLighting":false,"audioPlay":false,"sceneViewState":{"m_AlwaysRefresh":false,"showFog":true,"showSkybox":false,"showFlares":true,"showImageEffects":true,"showParticleSystems":true,"showVisualEffectGraphs":true,"m_FxEnabled":true},"in2DMode":false,"pivot":{"x":0.254797101020813,"y":-3.053762912750244,"z":-0.09659266471862793},"rotation":{"x":0.021272705867886545,"y":0.8750857710838318,"z":-0.038624513894319537,"w":0.4819622337818146},"size":0.4998418688774109,"orthographic":false}