{"cameraMode":{"drawMode":0,"name":"Shaded","section":"Shading Mode"},"sceneLighting":true,"audioPlay":false,"sceneViewState":{"m_AlwaysRefresh":false,"showFog":true,"showSkybox":true,"showFlares":true,"showImageEffects":true,"showParticleSystems":true,"showVisualEffectGraphs":true,"m_FxEnabled":true},"in2DMode":false,"pivot":{"x":-0.9567898511886597,"y":0.21639862656593324,"z":4.36647891998291},"rotation":{"x":-0.015700431540608407,"y":0.9836137890815735,"z":-0.1447441428899765,"w":-0.10655421763658524},"size":2.5323410034179689,"orthographic":false}