{"cameraMode":{"drawMode":0,"name":"Shaded","section":"Shading Mode"},"sceneLighting":false,"audioPlay":false,"sceneViewState":{"m_AlwaysRefresh":false,"showFog":true,"showSkybox":false,"showFlares":true,"showImageEffects":true,"showParticleSystems":true,"showVisualEffectGraphs":true,"m_FxEnabled":true},"in2DMode":false,"pivot":{"x":-3.143134832382202,"y":6.367760181427002,"z":0.9010000228881836},"rotation":{"x":0.13233615458011628,"y":-0.6521168947219849,"z":0.11705542355775833,"w":0.7372440695762634},"size":0.11420491337776184,"orthographic":false}