{"cameraMode":{"drawMode":0,"name":"Shaded","section":"Shading Mode"},"sceneLighting":false,"audioPlay":false,"sceneViewState":{"m_AlwaysRefresh":false,"showFog":true,"showSkybox":false,"showFlares":true,"showImageEffects":true,"showParticleSystems":true,"showVisualEffectGraphs":true,"m_FxEnabled":true},"in2DMode":false,"pivot":{"x":0.29814034700393679,"y":-0.7342672348022461,"z":3.26250958442688},"rotation":{"x":0.14013297855854035,"y":0.07561013102531433,"z":-0.010741924867033959,"w":0.9871952533721924},"size":0.6802157759666443,"orthographic":false}